Player_Name,Position,Url
Damian Lillard,Ball Dominant Guard,https://www.basketball-reference.com/players/l/lillada01/gamelog/2021
James Harden,Ball Dominant Guard,https://www.basketball-reference.com/players/h/hardeja01/gamelog/2021
Lebron James,Ball Dominant Guard,https://www.basketball-reference.com/players/j/jamesle01/gamelog/2021
Luka Doncic,Ball Dominant Guard,https://www.basketball-reference.com/players/d/doncilu01/gamelog/2021/
Steph Curry,Ball Dominant Guard,https://www.basketball-reference.com/players/c/curryst01/gamelog/2021
Trae Young,Ball Dominant Guard,https://www.basketball-reference.com/players/y/youngtr01/gamelog/2021/
Andre Drummond,Center,https://www.basketball-reference.com/players/d/drumman01/gamelog/2021
Joel Embiid,Center,https://www.basketball-reference.com/players/e/embiijo01/gamelog/2021
Rudy Gobert,Center,https://www.basketball-reference.com/players/g/goberru01/gamelog/2021
Clint Capela,Center,https://www.basketball-reference.com/players/c/capelca01/gamelog/2021
Ben Simmons,Passing Guard,https://www.basketball-reference.com/players/s/simmobe01/gamelog/2021
Chris Paul,Passing Guard,https://www.basketball-reference.com/players/p/paulch01/gamelog/2021
De'Aaron Fox,Passing Guard,https://www.basketball-reference.com/players/f/foxde01/gamelog/2021
Ja Morant,Passing Guard,https://www.basketball-reference.com/players/m/moranja01/gamelog/2021
Kyle Lowry,Passing Guard,https://www.basketball-reference.com/players/l/lowryky01/gamelog/2021
LaMelo Ball,Passing Guard,https://www.basketball-reference.com/players/b/ballla01/gamelog/2021
Lonzo Ball,Passing Guard,https://www.basketball-reference.com/players/b/balllo01/gamelog/2021
Robert Williams,Role Player Big,https://www.basketball-reference.com/players/w/williro04/gamelog/2021
DeAndre Jordan,Role Player Big,https://www.basketball-reference.com/players/j/jordade01/gamelog/2021
Wendell Carter,Role Player Big,https://www.basketball-reference.com/players/c/cartewe01/gamelog/2021
Bismack Biyombo,Role Player Big,https://www.basketball-reference.com/players/b/biyombi01/gamelog/2021
Payton Pritchard,Role Player Guard,https://www.basketball-reference.com/players/p/pritcpa01/gamelog/2021
Marcus Smart,Role Player Guard,https://www.basketball-reference.com/players/s/smartma01/gamelog/2021
Jeff Teague,Role Player Guard,https://www.basketball-reference.com/players/t/teaguje01/gamelog/2021
Malik Monk,Role Player Guard,https://www.basketball-reference.com/players/m/monkma01/gamelog/2021
Kevin Huerter,Role Player Guard,https://www.basketball-reference.com/players/h/huertke01/gamelog/2021
Landry Shamet,Role Player Guard,https://www.basketball-reference.com/players/s/shamela01/gamelog/2021
Joe Harris,Role Player Guard,https://www.basketball-reference.com/players/h/harrijo01/gamelog/2021
Daniel Theis,Role Player Guard,https://www.basketball-reference.com/players/t/theisda01/gamelog/2021
Grant Williams,Role Player Big,https://www.basketball-reference.com/players/w/willigr01/gamelog/2021
Blake Griffin,Role Player Big,https://www.basketball-reference.com/players/g/griffbl01/gamelog/2021
Thaddeus Young,Role Player Wing,https://www.basketball-reference.com/players/y/youngth01/gamelog/2021
Bogdan Bogdanovic,Role Player Wing,https://www.basketball-reference.com/players/b/bogdabo01/gamelog/2021
Cam Reddish,Role Player Wing,https://www.basketball-reference.com/players/r/reddica01/gamelog/2021
Danilo Gallinari,Role Player Wing,https://www.basketball-reference.com/players/g/gallida01/gamelog/2021
De'Andre Hunter,Role Player Wing,https://www.basketball-reference.com/players/h/huntede01/gamelog/2021
Patrick Williams,Role Player Wing,https://www.basketball-reference.com/players/w/willipa01/gamelog/2021
Otto Porter,Role Player Wing,https://www.basketball-reference.com/players/p/porteot01/gamelog/2021
Jeff Green,Role Player Wing,https://www.basketball-reference.com/players/g/greenje02/gamelog/2021
Miles Bridges,Role Player Wing,https://www.basketball-reference.com/players/b/bridgmi02/gamelog/2021
P.J. Washington,Role Player Wing,https://www.basketball-reference.com/players/w/washipj01/gamelog/2021
Kemba Walker,Scoring Guard,https://www.basketball-reference.com/players/w/walkeke02/gamelog/2021
Coby White,Scoring Guard,https://www.basketball-reference.com/players/w/whiteco01/gamelog/2021
Devonte' Graham,Scoring Guard,https://www.basketball-reference.com/players/g/grahade01/gamelog/2021
Bradley Beal,Scoring Guard,https://www.basketball-reference.com/players/b/bealbr01/gamelog/2021
Devin Booker,Scoring Guard,https://www.basketball-reference.com/players/b/bookede01/gamelog/2021
Donovan Mitchell,Scoring Guard,https://www.basketball-reference.com/players/m/mitchdo01/gamelog/2021
Jamal Murray,Scoring Guard,https://www.basketball-reference.com/players/m/murraja01/gamelog/2021
Kyrie Irving,Scoring Guard,https://www.basketball-reference.com/players/i/irvinky01/gamelog/2021
Shai Gilgeous-Alexander,Scoring Guard,https://www.basketball-reference.com/players/g/gilgesh01/gamelog/2021
Zach Lavine,Scoring Guard,https://www.basketball-reference.com/players/l/lavinza01/gamelog/2021
Terry Rozier,Scoring Guard,https://www.basketball-reference.com/players/r/roziete01/gamelog/2021
Brandon Ingram,Scoring Wing,https://www.basketball-reference.com/players/i/ingrabr01/gamelog/2021
Demar Derozan,Scoring Wing,https://www.basketball-reference.com/players/d/derozde01/gamelog/2021
Jaylen Brown,Scoring Wing,https://www.basketball-reference.com/players/b/brownja02/gamelog/2021
Jayson Tatum,Scoring Wing,https://www.basketball-reference.com/players/t/tatumja01/gamelog/2021
Jerami Grant,Scoring Wing,https://www.basketball-reference.com/players/g/grantje01/gamelog/2021
Kawhi Leonard,Scoring Wing,https://www.basketball-reference.com/players/l/leonaka01/gamelog/2021
Paul George,Scoring Wing,https://www.basketball-reference.com/players/g/georgpa01/gamelog/2021
Tobias Harris,Scoring Wing,https://www.basketball-reference.com/players/h/harrito02/gamelog/2021
Kevin Durant,Scoring Wing,https://www.basketball-reference.com/players/d/duranke01/gamelog/2021
Gordon Hayward,Scoring Wing,https://www.basketball-reference.com/players/h/haywago01/gamelog/2021
John Collins,Stretch Big,https://www.basketball-reference.com/players/c/collijo01/gamelog/2021
Lauri Markkanen,Stretch Big,https://www.basketball-reference.com/players/m/markkla01/gamelog/2021
